<?xml version="1.0" encoding="UTF-8"?>
<project-private xmlns="http://www.netbeans.org/ns/project-private/1">
    <editor-bookmarks xmlns="http://www.netbeans.org/ns/editor-bookmarks/2" lastBookmarkId="0"/>
    <open-files xmlns="http://www.netbeans.org/ns/projectui-open-files/2">
        <group>
            <file>file:/C:/Users/galic/Documents/gAl/tAreaS/TECMI/6TO%20TETRA/COMPUTACION%20AVANZADA%20EN%20JAVA/IMC/src/login.java</file>
            <file>file:/C:/Users/galic/Documents/gAl/tAreaS/TECMI/6TO%20TETRA/COMPUTACION%20AVANZADA%20EN%20JAVA/IMC/src/NewJFrame.java</file>
            <file>file:/C:/Users/galic/Documents/gAl/tAreaS/TECMI/6TO%20TETRA/COMPUTACION%20AVANZADA%20EN%20JAVA/IMC/src/Persona.java</file>
        </group>
    </open-files>
</project-private>
